tweet,class,pred,is_Similar
' @MaRwaEltantawy1 @MennaAshraf38 صح جدآ :( ',pos,pos,True
' @muhamsalah صباحك  ود  وصفاء ',pos,pos,True
' ربنا ينتقم من كل ظالم #معتقلي_الاتحادية ',neg,pos,False
' مطلعين فرسة من صالة المطار قدامى .. ايه الجمال دا ',pos,pos,True
' شهر(4) أكتر أكلة مفضلة عندك؟؟ ',neg,neu,False
' رب واحد ايمان واحد معمودية واحدة http://t.co/fDZNoDrFqf ',neu,pos,False
' البنت دى و أمثالها لازم يغنوا و يملوا الكون بغناهم نغسي نعلى بقى و مصر ترجع زى زمان كلها فن و رقى.. ',pos,pos,True
' يا ابنى انتو وهو زمالك مين وانبى مين  لسه فاضل 24ماتش  الدورى بتاعنا يا خروف منك ليه #اﻻهلى ',neg,neg,True
' يا حبيبتي البعد ناار قلبي داب من الانتظار ♡ ',pos,pos,True
' سرعة البديهه و حسن التصرف المتلازمه الانجح و الاكثر ابهارا بنسبالي ',neu,pos,False
' انا قلبي عليييك .. عليك قلبي ',pos,pos,True
' @1987Assy  3 وكما أننا نسعد أن نري كل العالم بخير وسلام وآمان ',pos,neu,False
"' """"""@horyagana ان شاء الله ، النصر من عند الله والظلم مهما طاااااااااااال لابد من حلول العدل وأنتصار العدل والحق في النهاية هي دي قاعده المسلم"""""""" '",pos,pos,True
' انا اللي من كتر ما اتقلي يا فاشل حاسيس اني فاشلت بجد ',neg,neg,True
' صبح علي جيرانك مثﻻ ',pos,neu,False
' علي عجينه وسيكا اخلاء سبيل ..بس لسه مخرجوش ..يارب الليله يكونو في بيوتهم ',pos,neg,False
' تدابير سير على الطريق البحرية ليلة رأس السنة http://t.co/YQyiM9jJiH ',neu,pos,False
' مش فاهم مش فاهم مش فاهم مش فاهم مش فاهم مش فاهم مش فاهم مش فاهم مش فاهم مش فاهم مش فاهم مش فاهم مش فاهم مش فاهم مش فاهم مش فاهم مش فاهم ',neg,pos,False
' ما تسترجل يا ابن بت المرة الخول انت وهو ',neg,neg,True
' كفايه صدمات يا كلااااااااب! ',neg,neg,True
' الجيش الباكستاني يعلن مقتل 23 مسلحا في غارات شنتها الطائرات الحربية #CBCeXtra ',neu,neu,True
' @lolo00o3 @yazn200077 هما بقوا بيتكلموا مع بعض شكل دعاء اصلا متعرفش ايه اللى حصل وهى بره مشفتش حاجه #DoaaElSebaii #StaracArabia ',neu,neu,True
' الشناوي هيلعب ماتش بتروجيت ',neu,neu,True
"' ""#الوطن   وزير الشباب: #السيسي اقترح الاستعانة بـ\""""الأولتراس\"""" لافتتاح #قناة_السويس http://t.co/W4qwOgvKwz '",neu,neu,True
' @Golden_Knight14 الراجل واقف متكدر أصلاً ',neg,neg,True
"' """"""شهوة الجوع، تتغلب احياناً ع الشهوه الجنسيه!!"""""""" '",neu,neg,False
' مـحتاج لعنـيك يا ليـل❤. ',pos,neg,False
' دمتم سالمين ',pos,neg,False
"' """"""اللهم اكتب لي ماهو خير لي ، وارضني به."""""""" '",pos,pos,True
' انصرنا انصرنا يارب انصرنااااا ',pos,pos,True
' @AliEngmohammed8 فندق اتلانتس ',neu,neu,True
' رنا سماحة عنوان لفن فهى لديها موهبة شاملة #رنا_سماحة_في_إنت_حر ',pos,pos,True
"' """"""@Shaza231 @a_yousseef @Shaza231 رضا و أحمد سمير و محسن و عبد الغنى، بس شوفى حد math 1 عشان بيدى math 2 بس، العيال هياخدوا مع عزت تقريبا"""""""" '",neu,pos,False
' @anosh221123 سلام ',neu,neg,False
' @AdhamHindawi أستاذ محماه كان كده ياعم :D ',neu,pos,False
"' ""#اتفرج.. فيديو: \""""الطب الشرعي\"""" يكشف الستار عن عدد حالات الانتحار في #مصر  شاهد الفيديو.. http://t.co/YjEjo4nN3a http://t.co/PHjcPQtDU4 '",neu,pos,False
' بتضحك وعينيها كلها دمووووع نعم يا سادة انا اعشق شيرين يحيى #ShereenYehia  #مكملين_مع_شيرين #StaracArabia http://t.co/eaH22de8Gf ',pos,pos,True
' @SeyALY انت مقتنع طيب بللي بتقولوا دا؟ ',neg,neg,True
' #افضل_الصور_اﻻرسناليه_فى_2014 هشتاق جديد الكل ينزل افضل صور لديه ',neu,pos,False
' #RanaSamahaTeam @ranasamaha9t اجمل النظرات.... نظره من العين الى العين http://t.co/Iyy1nookRz ',pos,pos,True
' @ba7r_ahmed ميرسي بجد !! ',pos,pos,True
' #MinaAtta_on_cbc  مينا عطا ايه دا بقا دا بقا دا بقا دا http://t.co/6wdplzEZ9m ',pos,neg,False
"' ""I\""""m at North Marka ماركا الشمالية in Amman https://t.co/W9Sy1CIkph '",neu,neu,True
"' """"""الحياةُ بالقُرب من الله حياة مُطمئنة ، محفوفة بالتوفيق ، و مُزّينة بالرِّضا ، ومليئةٌ بالسّعادة ، عِشْ تلك الحياة ولك الهَناءُ أبدًا"""""""" '",pos,pos,True
"' ""فترة اللجوء الى \""""صلاح\"""" اللى هو انا يعنى بتخلينى اعدى حاجات كتير بفضل ربنا عليا ..:)) '",pos,neg,False
' @PSH_Supporters  مــن اجــمــل النــآس اللـى شــوفـتــهــآ فـ حــيــآتــى واللــه .. حــآجــة صغـنــنــة كتــهـ ♥♥♥ #بــآركـ_شــيـن_هــآى ♥♥ ',pos,neu,False
"' ""المشغول بك سيصنع وقتاً من أجلك♥ والمشغول عنك سيستغل أي حدث لينصرف عنك !\"""" '",neu,pos,False
' أنظر في قلبك ستراني ! ',pos,pos,True
' من يملك الأخلاق والأدب يسكن في القلوب إلى الأدب ',pos,neu,False
' @Elham_khafagy لأ الجو حلو النهارده .. وخاصه ع السطوح :D فى شمس حلوه بجد ',pos,pos,True
' @lsref_samera الحمدلله على الصحه والعافيه الله يديمها علينا ☝️ ',pos,pos,True
"' """"""ولا عارفه احل شي، اكلت هوا"""""""" '",neg,neg,True
' @I__Divo @Pinar_Gika17 طب ايه السبب في انهم يعتقلو ',neg,neu,False
' #ArabsGotTalent ميرسى بيكوو ',pos,pos,True
"' ""ليث وابتسام واشراق دودو  ❤❤ #DoaaElSebaii  #LaithAbuJoda  #Ibtissamtiskat  #IchrakGmar http://t.co/gaACFKAUKX\"""" '",pos,neu,False
' @NNevenadel دايما منوره الدنيا ',pos,neg,False
' الصلاه يا عباد الله.... ',neu,pos,False
"' """"""@elissakh عايشه حاله حب معاك وخداني ،،،،، ❤❤❤"""""""" '",pos,pos,True
' @AmsloughAsmae محمد عساف.. بطاقات حفله الكبير ليلة رأس السنة نفذت بالكامل!  http://t.co/AdUChSrUc2 ',neu,pos,False
' ﻟـﻦ ﻳـﺬﻫـﺐ ﻟـﻐـﻴـﺮﮒ ﺷـﮯﺀ ﻗـﺪ ﮔـﺘـﺒـﮧ ﺁﻟﻠﻪ ﻟـﮓ #ﺛق ﺑﺎلله ',neu,neu,True
' #القدس أكد خالد الصياد مسؤول تجمع قدسنا الرياضي  ان 4فرق مقدسية تتنافس يوم الاثنين على كأس الانطلاقة تي تنظمها الاكاديمية الفلسطينية ',neu,neu,True
' عذرا نويتن ف رنا سماحة سر الجاذبية #رنا_سماحة_في_إنت_حر ',pos,pos,True
' هلا http://t.co/VJUTCLUkXY ',pos,neg,False
' الحمدلله انا بطلت اسب الدين ',pos,pos,True
' خسرنا جولة من الجولات مش ١١ سنه ياخولات ',neg,pos,False
' @Mrim_AZ  البت لونها حلو اوووى ',pos,pos,True
' انا ضد العزل السياسي الي مش اخوان بس يحبهم  ينزل الانتخابات و احمد عز و رجالة الحزب الوطني ينزلو الانتخابات ',neg,pos,False
' مش من حقك تعرف ...يا حبيبي ! ',neg,pos,False
' @EslaMagdi وصحيح تتوقع ايه فى البوكسينج داى ؟ ',neu,neg,False
"' """"""من يحبّك حقاً لن يجرؤ على مرور الوقت بدونك ، سَ يحن ، سَ يشتاق ، سَ يتألم ، سَ يصّنع المستحيل ليحادثكَ !"""""""" '",pos,pos,True
' نُبتلي لعلنا من الذنوب نفيق ',pos,neg,False
' احتفال عائلة راديا نينجولان بعيد الميلاد http://t.co/fbLe0jS1in ',neu,neu,True
' @mahmoudessmaiel @TahrirLive فين الخلاف الاخوان والاسلامجية نفس الفكر اليميني الرأسمالي ولا حضرتك مش واخد بالك ',neu,neg,False
' فـى حـبـك كـل يـوم فـى جـديـد ولـو تـوحـشـنـى وآنـت بـعـيـد  بـالأحـسـااس بـنـتـلاقـى مـفـيـش حـاجـة أسـمـهـا مـواعــيـد ',pos,neg,False
' مينا عطا ممكن حد يجبلي رابط اي حساب بينزل صور الطلاب وهما بالسهره لاني عايزه اشوف مينا ',neu,neg,False
' يارب  خذ بيدى                 رب  أحفظنى من الشياطين أنسهم  وجنهم رب  أشفينى  وأشف كل مريض ',pos,pos,True
"' """"""انا شئ مزعج فى الحياة،،، فلا تقتربوا يا ملائيكه."""""""" '",neg,neu,False
' عن الراحه النفسيه لاحد معين ! #thebesttt❤️ ',pos,neg,False
' @lazyboy014 اهبل !!  انتبتلعب في عداد عمرك يا عبهادي  بس انا برده منور  :D ',neg,neu,False
' @ameeallam الثانوية دى بتنمى الغباء ',neg,neg,True
' العشرى جون #الزمالك الاول جول واحمد الله لانها لم يحتسب كاد انا يغير الناتيجه  احا نعملكوا ايه تانى يا ولاد المره  عوزين حكم من الصين حكم مع ',neg,pos,False
"' ""\""""اعلم أنك إذا قلت حق تريد به وجه الله فلا بد أن يُؤثر.. حتى لو رُد أمامك!\"""" '",pos,neg,False
' انتو بقيتوا منتشرين كده ليه ',neu,neg,False
"' """"""قال أبو الحسن المزين : الذنب بعد الذنب عقوبة الذنب ، والحسنة بعد الحسنة ثواب الحسنة .”"""""""" '",neu,neg,False
' @SAMIAHMED902YAH وانت طيب سامي وبالخير عليك ',pos,pos,True
' ان جيت اكلمك .. ارجع و انا كلي خووف و ان قولت اكتب رسااله .. تهرب مني الحرووف !! ♥ ',pos,neg,False
' @kermit_i ما انا دراعك اليمين يا كبير ',neu,pos,False
' تعبت بقى يا ربي  يومين مش بنام بسبب حتة لوجو ؟! ده انت ولا منك رسمة ولا منك كتابة اصلا يا لوجو يا #معفن ',neg,pos,False
' عشان محدش يزعل على الحلوة والمرة معاة #الاهلى_فى_القلب https://t.co/lQd2VWaPnh ',pos,pos,True
' جيرارد يرحل عن ليفربول في نهاية الموسم #أخبار_رياضية #جيرارد #ليفربول  http://t.co/GR0VdIg4Nw http://t.co/rzu1FqGouE ',neu,neu,True
' عادي جدا انك تحب حد من غير سبب  علشان الحب نفسه هو حب كدا من غير إزاي وليه ',pos,neg,False
"' """"""\""""أخٌ كالغذاء،تحتاج له دائماً و أخٌ كالدواء،تحتاج له أحياناً، و أخٌ كالداء،لا تحتاج إليه أبداً\"""" #مصطفى_محمود  أهو أنا بحب أكون رقم 2 ده فشخ!"""""""" '",neu,pos,False
' #prt اوسكار احسن اب. ',pos,pos,True
' #نقطة_ضعف_الشاب العيون الجميلة... ',pos,neu,False
' اه علي الجامعة و امتحانات الجامعة ',neg,neg,True
' @m_alsanusi فيلم مسدسات شكله ',neu,pos,False
' احنا فى زمن العجائب #اة_واللة ',neu,neg,False
' قلبك ملكك متشغلوش باى حد ♥ ',pos,neu,False
' #شي_تتمنى_يصير_في_2015 الإهتمام بما يخدم المواطن ك التعليم والصحة والبنى التحتية وبناء مستشفيات في القرى أكثر مافي المدن ',pos,pos,True
' @sheko0ooz اه باين والله من غير توضيح  هعمل بنصيحتك حاضر .. شوفت بسمع الكلام ازاي ',neu,neg,False
' #غرفة_الأخبار   متابعة حركة المرور والأزدحام بشوارع وميادين القاهرة لصباح يوم 27 ديسمبر 2014 https://t.co/pcA8Fg2olo ',neu,pos,False
"' """"""ﻭﻓﻲ ﺃﻭﻝ ﺟُﻤﻌﺔ ﻣﻦ ﻋﺎﻡ 2015 ، ﺍﻟﻠﻬُﻢ ﺇﺟﻌﻠﻨﺎ ﻣﻤﻦ ﻋﻔﻮﺕ ﻋﻨﻬﻢ ، ﻭﺭﺿﻴﺖ ﻋﻨﻬﻢ، ﻭﻏﻔﺮﺕ ﻟﻬﻢ .. جمعة مباركة على جميع يا رب .."""""""" '",pos,pos,True
"' """"""انقذت هرة عائلة في النمسا احترق منزلها فجرا اذ ايقظتهم من النوم ما اتاح لهم الفرار من ألسنة النيران، بحسب ما اعلنت الشرطة الاربعاء"""""""" '",neu,neg,False
' @Muhamed__Ahmed @ahlyworld75 الاخوان من قناة تركية ومعتز مطر يرموا عضمة للنوشتاء وهم يولعوا الليلة ',neu,pos,False
' كلنا هذا الشخص المتنيل على عينه ... #prt ',neg,neg,True
' جوووووووووووول ',pos,neg,False
' @hmoodi88 @3zIZ_Arsenal  برحتك ماشى ..بس افتكر من اﻻاحترام التوضيح وعدم السخريه .. انتا اكيد مشجع محترم ...فﻻزم ترتقى شويه فى الرد ',neg,neg,True
' احنا جيل اللى شاب و هو شباب ... ',neg,neu,False
"' """"""\""""@HeshiAm_: طب معلش يا جماعة نجرب بس، كوت زيس تويت ويز ا سيلفي بس راعو فينا ربنا\"""" دول مرعاوش حاجه ولا راعوا فينا ربنا ولا الهه الشمس حتى"""""""" '",neg,pos,False
"' """"""حين نكون مفرغين ولا نحوي إلا الخواء ، حينها سوف نكون أقل شعوراً بالألم."""""""" '",neg,neu,False
' @i3abmo3ty كنت نايم معلش ',neu,neg,False
' احنا مكناش بنتكلم عليهم ولا بنجيب سيرتهم سواء خسرانين او كسبانين مبيفرقوش معانا اصلا بس كلامهم ع الزمالك ال خلانا نتكلم عليهم وهما خسرانين ',neg,neg,True
' @Maroc_tiskat22 اة دة هدفك يعني من القصة انك تعملي فتنة صح متخافيش فانز سلوم وفانز بسوم واحد وياما عدت اشكال زي دي ومأثرتش فينا ',neg,neg,True
"' ""لو انت فاكر يا يونس سيلفيا زي القصة بتاعة زمان \"""" سيلفيا تعود \"""" :D @Ahmad_Youness  #3alahwa '",neu,neg,False
' وما خفي كان اعظم.        او يام في الجراب يحاوي.    . البلد بلدهم بس. ربنا يهدي الضال امين ',neg,pos,False
' دايما مجروح يا هوى وفي بعدك بلوم الهوى ..! ',neg,pos,False
' كان يحرث مابعوه ',neu,neg,False
' @AhmedDoda6 عيلة وسخة بس بننجح #قصف_جبهة :D ',neg,neg,True
' #المصري_اليوم | مفتي #السعودية: الاحتفال بالمولد النبوي بدعة.. و #داعش  و #القاعدة  فرق ضالة http://t.co/x5uTGk0j7A http://t.co/iOx1tOqlHD ',neu,pos,False
' اللهُم اني بحاجة لِحياه تخلو من غضبك ملِيئه برضاك ورحمتك ربي إن كان هُناك ذنب يحول بيني وبين رضاك فاغفره لي يا ارحم الراحمِين. ',pos,pos,True
' عامه .. الاحلام بتساعد ع الوقوف ع ارض صلبه ',pos,neg,False
' خلي لنفسك حدود لا انت وﻻ غيرك يتعدوها !! ',neu,pos,False
' الصحبة في الطريق :)  #Alex #Rest #OnTheGo #Sky #View #Winter #Traveling #Sunset @ 17.04 #Egypt… http://t.co/A8fG3ZIJNv ',pos,neu,False
' وطني ستظل أنت عشقي الأول   #مصر  اللهم اجعل اجازتي سالمة في مصر ',pos,pos,True
' #بتمنى_ب2015 نعرف قيمة بلدنا ',pos,pos,True
' لاتقل للصلاه عندي عمل قل للعمل عندي صلاه الصلاه مقرونه بالنجاح فكيف يفلح من لايصلي؟ ',pos,neu,False
' النهارده ذكرى سقوط الاندلس ماتت قلوب الناس ماتت فينا النخوه بلاش ننسى فى يوم ان العرب ولاد وسخااااا ',neg,neg,True
' @Adel_fawzy جون كوستاريكا ده اتشقلب قدامنا ',pos,neg,False
' ربـگ ساترها ع الناس ',neu,pos,False
' كيف السبيل إلى وصالك دلنى ',pos,neg,False
"' ""نمرة - \""""مع السلامة\"""" من ألبوم #اسمعني | Hamza Namira _ Ma\""""assalama من خلال Awakening Records #np on # على SoundCloud https://t.co/gP8MnhYI5N '",neu,neu,True
' فاروق يغادر مران الأهلي مصابا.. وجاريدو يعالج أخطاء الدفاع بجمعة #الاهلى #يلا_دورى http://t.co/w9hjoW7IlK ',neu,neg,False
' اللي نحبه ميحبنااش واللي يحبنااا منحبوش !! ',neu,neg,False
' الحرية لﻻولتراس الحرية للمدرج الكورة للجمهور يا داخلية وسخة ',neg,pos,False
"' """"""سُئل الحسن البصري رحمه الله : أين تجد الراحة فقال : . سجدة بعد غفلة ، وتوبة بعد ذنب"""""""" '",neu,neg,False
' الله يسامحك مابي أدعي بلحظه غضب .. ',neg,pos,False
' #وائل_كفوري يتصدّر للأسبوع السادس على التوالي ويحتلّ المرتبة الأولى  http://t.co/Xyfoz0FqzL …  @kfourywael   . http://t.co/YBMUhOJKKB ',neu,neu,True
' بتصعب عليا الناس الي عندي الي ف كليه الي مش فاهمين حاجه ف المزيكا وبيعدوا وبيعشوا حياتهم عشان يبقوا مدرسين موسيقي ف الاخر ',neg,pos,False
' يا بخت الناس اللي بتشوف الناس اللي احنا بنشوفها اه والله بجد ',pos,neu,False
' @reemomhamed66 اصيلة ى انشراح☺ ',pos,neu,False
' @kiki752002 اى مسلسلات لاى جنسية بيبقوا مهتمين بابراز اجمل ما فى بلادهم  احنا اعوذ بالله بنتففن فى اظهار القبيح ',neg,neg,True
' @Alshaikh2 شاعرنا المحترم يعنى اية العيون االممكنة اة تعنى كلمة ممكنة مش فاهمة حاجة ممكن رد ',neu,neg,False
' @samar_dm صباح الفل ',pos,pos,True
' @11h_n @Jifri_lovers @alnrjseygmailco @ahmed_mfarg كثير من الصحابة والتابعين كانوا متصوفبن اي زاهدين تاركن اهواء الدنيا للاخرة الباقبة ',neu,neg,False
' العيال ام تكبر بتتملي مساخه ',neg,neg,True
' @MawlaNa92 يسطى تمام مفشوخ ف شوية امتحانات عملي و خرا اهم حاجه تكون مبسوط ياسطا ',neg,pos,False
"' ""بقيت بحس ان الايموشن دا \"""" :D\""""قليل الادب او بيدي ايحائات بكدا ! '",neg,neg,True
' @hhe600 @Azkrona @mero74092116 @nourtoumi9944 @7moodyx3 سيبك منها ياسوما يالا نروح ننام وسيبيها تنبح زى الكلبة ',neg,neg,True
"' """"""ﻭَﺣﺶ ﺍﻟﻌﻠﻮﻗﻴﺔ ﺍﻟﺸﺮﻳﺮ، ﻟﻴﺲ ﺍﻵﻥ ﻣﻦ ﻓﻀﻠﻚ . ﻋﻨﺪﻱ ﺍﻣﺘﺤﺎﻥ ﺑﻜﺮﻩ . ﺭﺍﻋﻴﻨﻲ ﻭﻗﺪّﺭﻧﻲ ﻳﺎﺳﻄﻰ ﻋﺸﺎﻥ ﻋﻼﻗﺘﻨﺎ ﺗﺴﺘﻤﺮ ."""""""" '",neg,neg,True
' نعمة الاسلام اشي لا يقدر بثمن  الحمد لله ♥ ',pos,pos,True
' @Nouran_Ali @Yomna_Yasser10 اهم حاجة البورتلاندى أصل لمؤغذة العمود من دول لازم يبقى متيين :D ',pos,neg,False
' دلق القهوة خييييير ',pos,pos,True
' @midoahm  مش سامع صوووت يعنى ',neg,neg,True
' @sosoall19951 انا سمعت انو غادر لبنان ساعات ورجع علي شان بادر يدل بلبنان ',neu,pos,False
' @388leen الحقيقه بدت مثل الخيال هو عدوي واذكا حبيب  كل ماقفيت ناداني تعال لذه الحب في الشيء القليل ',pos,neg,False
"' ""\""""@u121353327: @afa1387 @elahlam9 @mhm27m @l_altoaimi @bosyzezo1 مشكوره ام عبدالله\"""" '",pos,neg,False
' هناك آشخاص  نحنوا لا نخسرهم  إنما المواقف تغربلهم .. ',neg,neg,True
' الصبر لسه ساكت يا ويلي من سكاته ',neg,pos,False
' وبان حزنه كله و ضعفه لما فاق ',neg,neg,True
' اللهم اعنى على ذكرك وشكرك وحسن عبادتك ',neu,pos,False
' @11h_n @Jifri_lovers @alnrjseygmailco @ahmed_mfargفي زمن الصحابة من هو آثر الفقر    الطاعة لله على ان يسال الناس الحاجة مع العلم والعمل ',neu,pos,False
' #MinaAtta #ShereenYehia #LaithAbuJoda #MohammadChahine #DoaaElSebaii مفيش وقت ياريت تصوتوا لمحمد على رقم 2 http://t.co/qsb3iQPr53 ',neu,neg,False
' @AyhamOtoom صباح الخير أيهم  كل سنة وانت سالم ',pos,pos,True
"' ""\""""@mom_reem: الوقتُ و الإهتمامُ هما أجملُ و أثمن شيء قد تهديه لشخص تحبّه\"""" '",pos,pos,True
' اوعي تستسهل ماده ',neu,neg,False
' في الغالب انا احب أتأمل اكتر من اني أتكلم ',pos,neu,False
' أحوال البشر عند الموت وفي البرزخ.. http://t.co/T4xc1b3hpS ',neu,neg,False
' وَلَسَوْفَ يُعْطِيكَ رَبُّكَ فَتَرْضَى ﴿٥﴾ أَلَمْ يَجِدْكَ يَتِيمًا فَآوَى ﴿٦﴾ وَوَجَدَكَ ضَالًّا فَهَدَى ﴿٧﴾وَوَجَدَكَ عَائِلًا فَأَغْنَى ',pos,neu,False
' اللي يشوفها في الشارع ميشوفهاش ع الانستجرام ',neg,pos,False
' انا مش هعيش طول عمري ملاك✋ ',neg,pos,False
' @AyaCrazy88 وليه نكون مع نفسنا لما ممكن ان احنا نتجمع كلنا التفكير الفردي عمره ما جاب نتيجة كويسه في النهاية . #زهقنا_من ',neg,neg,True
' @EngMera_M وانتى حد وجهلك كلام ',neg,pos,False
' صباح الخير والسعادة ......عام سعيد علينا جميعا http://t.co/ihDU0E5WWf ',pos,pos,True
' صباح المذاكرة ',pos,pos,True
' على سبيل الصياعة انا نزلت اقعد مع اصحابى فى 2014 روحت البيت فى 2015   #سنه_جديده_2015 ',neu,neg,False
' @a_monem وللاسف لم استطيع ان اجيب كل القذاره وده علي كورنيش المنيل ',neg,neg,True
' يسعدلى هالصباح على عيونكو الحلويين ',pos,neu,False
' @aaaahmad21  لا ده اسمه علي اسم الغالي اسمه احمد ** ',pos,pos,True
' @FahadshalabiJcf  http://t.co/6wVxib18Ke  موقع تعليمي للاطفال http://t.co/L03p0dcJZ9 ',neu,neg,False
' #مصر_العربية   حاتم عزام لـ رامي جان: كل سنة وأنت حر التفاصيل من هنا http://t.co/ty3sQ43LLd @hatemazzam ',pos,pos,True
' آنا كدا خلاص آخري جاب آخره مني . ',neg,neg,True
' انا بتقطع من جوايا ونسيت طعم الفرح. ',neg,pos,False
' الخميس القادم. ارسنالvs ساوثامتون تشلسى vs توتنهام مانشستر vs ستوك سيتى السيتىvs سندرﻻند جوله هيا اﻻخر فى مصلحه اﻻرسنال فى حاله الفوز ',neu,neu,True
' مبروك #محمد شاهين ',pos,pos,True
' الله يوم جميل ',pos,pos,True
' حفتر. الحجازى. صقر الجروشى. الغريانى. السويحلى. بادي.   لقد كان عامآ اسودآ يوم ما شفنا خليقكم   مارك عفاريت هيلد ',neg,neg,True
' @GhassaniZein مساكم طيّب المقام ..و نور الظلام ..كل عام و انتم بخير بمولد سيد الأنام ',pos,pos,True
' ايه الجو ده ❤❤ ',pos,neg,False
' @AhmedMekhamer  لا بالعكس الباثولوجي انا كنت بحبها .. ',pos,neu,False
' قال شيخنا ابن_باز إذا صلى الخطيب أثناء خطبة الجمعة على الرسول عليه الصلاة والسلام فليصلِّ المستمع على الرسول ولكن في نفسه لا يرفع بها صوته ',neu,neu,True
' @GhadaAbdelRazek  كـــل عـــام وحــبــك الأجـمـــل يا مضـــوي شمعــة ســنيــني كـــل عــام وأنــت الأول فــي حــياتـي وقـــلبي وعــيني ',pos,pos,True
' بلوك بقي للكلب ده اللي بيقول علينا عبيد البيادة وهو من عبيد المرشد تبع الخرفان يعني @abdelfattah75 ',neg,neg,True
' @4_rero4 @dhn_al3od روعه غاية التعبير ',pos,neg,False
' انا مش لاقي نفسي مش فاهمني .. ',neg,neg,True
' ماعندكيش شخصية ياست ',neg,neg,True
' محمد ابراهيم راح الاهلي بجد؟ ',neu,pos,False
' كسبنا دمنهور متصدر لا تكلمني  المصري هيعملها مع انبي @ dreamerstours http://t.co/53NLYCepmW ',pos,neg,False
' @smurfes777 شعب مهبل بطبعه ',neg,neg,True
' @youm7 روووووووعة يامصر ام الدنيا بعد زمن فساد مبارك http://t.co/yeeZJ2bOma ',pos,pos,True
' @Ematchoo انا ديموقراطى ✋ ',neu,neg,False
' @Mo7aMeD_KH1911 جرا ايه يا كسمك ',neg,pos,False
' @mohamedkweder حوار خولاتي ونسوان ',neg,neu,False
' احا يا دوري ',neg,pos,False
' من اغرب مقتطفات 2014 انى محستش بالسقعة ابدا ومش تقلت فى الهدوم  نهائى ولا جالى برد !! ',neu,neg,False
' مهما تباعدنا ترى (الود) موجود ماينزعه من خافقي اي طاري في عيني اليمنى لك الشوق ممدود وفي عيني اليسرى وجود اجتباري ',pos,neg,False
' هحاول اتعامل مع اي زفت بيحصل ف حياتي ب اقل الخساير #النفسيه ',neg,neg,True
' ده قالي في يوم يا حبيبتى خدي القمر  ورحت معاه ومااداني إلا السهر ',neg,pos,False
' الاهلى هيكسب فرق سكور كبير نيك ',pos,neg,False
' و تشجيني معانيها و ارددها و اغنيها و أنا سهـــــــــران و يجي النوم يناديني الاقي الشوق يصحيني على الحرمــــــــــــــان ',pos,neg,False
' و يوم ما حبها .. حبها من ضحكتها ♥ ',pos,neg,False
' مصطفى حسني قدوتي بعد رسولي. ',pos,pos,True
' _مهما بلغت بك اﻵحزان ·· وتعددت في قلبك الهموم تذكر فقط آن الحياه لحظه  لا تقاس سعادتها إلا ·· بذكر الله واﻹقتراب منه · ',neu,pos,False
' الستاذ امير طعيمه اتصور سلفى مع شاهين ومينا بجوار كاس لقب ستار اكادمى ♥  #MohammadChahine ',neu,neu,True
"' """"""اليوم عيد ميلاد المبدع العظيم صلاح جاهين ،،الله يرحمه،، http://t.co/GXVxNrM7KW"""""""" '",pos,pos,True
' احمدمحمد ',neu,neg,False
' @Roro_224 والله انا كتبها عشان كدة . برافو عليكي :D ',pos,pos,True
' @nora_samy10 @Shimaaelhamamsy @mina_team  ممكا اقابلكم ف مترو الجيزه او الشهدا ',neu,neg,False
"' """"""#هكلملك_القاضي وكم من قضاه كلمهم ممدوح شاهين ، وكم من قاتل أفلت من عقاب الأرض #تسريب_الشرق_لمكتب_السيسي"""""""" '",neg,neg,True
' #الوطن  47 طن منتجات غذائية «منتهية الصلاحية» بمصنع فى 6 أكتوبر http://t.co/ul7lRfcraw ',neu,neu,True
' إجتماع طارئ لمجلس إدارة نادي الزمالك . http://t.co/mFaIHaqEQ0 ',neu,pos,False
' انا كنت نعمة وانتي مفهمتيش ',neg,pos,False
' بدونك لا طعم لوجودي…! ',neg,pos,False
' احنا جيل المبضونين يا جماعه والله ',neg,neg,True
' وﻻ تنسوا الفضل بينكم #قرءان ',pos,pos,True
' @magdyheiba ايه يا اسطي حنجرتك بالدنيا حصل ايه بس ',neu,neg,False
' طب اطلع غلي ف ايه !!!! ',neg,neg,True
' هو صعب فعلاً واحنا بنستحمي وخايفين ندخل تحت الميه بس الاصعب واحنا طالعين وبننشف جسمنا والاصعب واحنا خارجين من باب الحمام -.- ',neu,neg,False
"' """"""منت لحظه جت تداريني وتعدي ، انت عمر صرت اعيشه من جديد"""""""" '",pos,neg,False
' @ThMido باك ',neu,neu,True
' @9a95ca00a112439  مفيش اعاده النهارده ',neu,neg,False
' الجوع ملحد ',neg,neg,True
"' """"""إذا بلغك عن أخيك شيء تكرهه ، فالتمس له العذر جهدك ،فإن لم تجد له عذرا ، فقل : لعل له عذرا لا أعلمه.... ربنا يسامح .."""""""" '",pos,neg,False
"' ""\"""": فاطمة ناعوت اللي السيسي أمرها بنشر صحيح الدين الإسلامي في مصر بتتحاكم جنائياً بتهمة ازدراء الدين الإسلامي #منقول  فاشية عسكرية ودينية\"""" '",neg,neg,True
' تحبوني آدعو اني اعيش طول العمر مع دادو ♥ http://t.co/K1qskLjgLx ',pos,pos,True
' @VodafoneEgypt عملت كده من أسبوعين والإعلانات رجعت تاني ... واضح إنكم بتتعاملوا معانا كإن مفيش غيركم مع إن خدماتكم بقت رديئة ',neg,neg,True
' @mustafaaborokba اى مكان بعيد عن المخروبة ف هو كويس ',neg,neg,True
' الحب لما يتحاول لحب فطره زى متكون بتحب اهلك و مهما عملوا بتسامح عشان الناس دى من لحمك و دمك مفيش بعده حب يقارن او يتزايد عليه :) ',neu,pos,False
' ضبط باخرة تركية محملة بالأسلحة في طريقها لمصراتة http://t.co/BPzREukGF5 http://t.co/yC9GZocYoW ',neu,neu,True
' يعيش كل واحد فينا حياته و يعاني الامه و كانه وحيد على هذه الارض ... و يرسم نفسه داخل قوقعة اصغر من رأسه و يظن انه اكثر الناس شقاءا... ',neg,neg,True
' خى مالها قفلت من كل حتة كده لييه ! ',neg,neg,True
' الملل بالنسبالى اشبه بالموت ',neg,neg,True
' آمبارح كنت بقول لو آفترقنا طول حياتي دي نهايتها .. وآنهارده بقيت بقول موش عايز حد قدامي يجيب سيرتها .. ',neg,neg,True
' احا .. يعنى صاحى على بليز كول مى وقولنا ماشى انما ملاقيش علبه السجاير .. احا بجد دا انا شارب منها سجارة واحده بس ',neg,pos,False
' @raniahach انتى الى كاتبتى الاول كده يا بت  بلاش تحوير الكلام كده ',neg,neg,True
' @aldnai9 مشفتش احلي من كدة ولا اجمد من كدة ',pos,neg,False
' @Mohamed_Helmy_T انا مضايق قوي ..  بصوت فداء ',neg,pos,False
' كنت زمان بستنى سؤالك عني دلوقتي مبقاش يفرق. ',neg,neg,True
' لو كان للكلام عطراً ؛ لكانت الصلاة على النبي أجمل العطور  ﴿اللَّهُمَّ صَلِّ عَلَى مُحَمَّدٍ وَآلِ مُحَمَّدٍ﴾  صلو عليه وسلمو تسليما ❤️ ',pos,pos,True
' ايه الحك ده !! ',neg,pos,False
' @youm7 هذا الفاشل تخرج بنظام التحسين اختراعك ',neg,neg,True
' @BenT_Abo_EzZ هههههههه قلب الام ^_^ حبيبتي ',pos,pos,True
' @MamdouhZaki_ ما يعني كنت شوفت لنفسي يا ديحو وبعدين هشام أكبر منك ب3 سنين يعني قدامه شوية ويموت انت لسه شباب ',neu,neg,False
' من حبه ربه حبب فيه خخلقققه وانت ربنا بيحبكك عشان كده خدت اللقب فى قلوب الناس ♥♥♥♥♥  #MinaAtta  مينا عطا http://t.co/Djti0UsB0b ',pos,pos,True
' متقنعنيش انكوا بتحبوا بعض من على النت منغير متشوفوا بعض.. شغل منتدى زهره الخليخ دا ؟! ',neg,neg,True
"' ""I\""""m at Kuwait Embassy   سفارة الكويت https://t.co/QdOnwGzNPM '",neu,neg,False
' @bohimiangirl @TaurusAbdulaziz ربنا موجود... ',pos,pos,True
' اللهم ابطل اثرعين حاسدة اصابت قلبافاحزنته واصابت زوجين ففرقتهماواصابت ولدا فافسدته واصابت جسدا امرضته واصابت جمالا فشوهته انك علي كل شئ قدير ',pos,pos,True
"' ""تنمية \""""الثقافة المتحفية للأطفال\"""" برعاية قطاع الفنون التشكيلية http://t.co/9KDX0peo9H http://t.co/x9IPxNuC1P '",neu,neg,False
' @el_khalifa91 قصدي سانتا بتاع ال merry Christmas ',neu,neg,False
' قتل المصريين في ليبيا ماهوا الا تصفيه حساب وانتقام من مصر البلد الزي لم يقدر الارهاب بلعبس بهي ',neu,neg,False
' أرموهم في أعماق البحار حتي تشتت الأمواج أشلائهم .. ',neg,neg,True
' الحمد لله على العلامات السريعة القاطعة الشافية! ',pos,pos,True
' انا مدايقه بقى  بكره امتحاني   ؟؟ ',neg,neg,True
' الأهلي سيد الدوري http://t.co/w0ilC757i2 ',pos,neu,False
' دوله المشروع الحضاري الفساد فاق حد التصور والان ال http://t.co/e762UmaFSn ',neg,pos,False
' #تسريبات تخلو من الفبركات مهما حاولوا أن يطمسوا أو يدعوا أو يخدعوا فلن يصدقهم إلا من أصبح يهودى ويستحب الخداع ',neg,neg,True
' أعني على نفسك بكثرة السجود !!  تشعر بالتحدي بينك وبين نفسك . ولنا أمل ',pos,neg,False
' @omarhamdino هل المشكله بتواجهك فى مكان محدد ولا اى مكان ؟ وبالنسبه لخدمة ال3G ايه علامة التغطيه الخاصه بالانترنت اللى بتظهر لك ؟ Zahran ',neu,neg,False
' @photoyoum7 احلى ايام ',pos,pos,True
' 500 عربية لحمة جنب كام جسد اتقتل واتحرق فى #ماسر ؟! طب خلوهم آلاف بعدد(لحوم)البشر اللى جزروهم  وحرقوهم فى #رابعة واخواتها واللى رموهم السجن ',neg,neg,True
' يصبحوا اصدقائنا بالصدفة وما اسوا الاصدقاء حينما يصبحوا غرباء ',neg,neg,True
' أسرع سيارة كهربائية عام 2015 #بوابة_المصدر    عنوان التميز #خمسة_لاعبين_تحبهم_من_خارج_فريقك 2 http://t.co/H9yeh1JuV9 ',neu,neu,True
' @remal3zizi نيك ثم نيك ',neg,neg,True
' إسرائيل ليش حاطة رجليها و يديها بمي باردة من ناحيتنا ؟ كل يوم بتفوت عالتايم لاين الأردني نص ساعة و بتطلع ',neg,neg,True
"' ""نور قلبت عليا مواجع اغاني ديمي لوفاتو :\""""( '",neg,neg,True
' 31 ألف مركبة مصفحة لقتال داعش ',neu,neg,False
' @mahmoud_hannoun درست دين 10 سنين الحمد لله و بعرف كيف أتعامل معه .. ',pos,neg,False
' ال كان بيبعتلك ويسال عليك  بعد فترة لما يشوف رسالتك وميردش عليك معناه ان الشخص ده معرفه وسخه من الاول ',neg,neg,True
' :: @ahmedhlmy @gihanwaly  #خبر_يغطى_على_التسريبات القبض على قاتل سعاد حسنى ',neu,pos,False
"' """"""لا شي جديد، سوى أن : أعمارنا تزيد .. ولازلنا في حق ربنا مُقصِرين .."""""""" '",neg,pos,False
' @_ME__A مرحبا ',neu,neu,True
' يَا رب  أمنحني قلب مبتسمَ يُسعد ﻣن حولي وَ آغمرھہ بَ آلقوّھہ وَ آﻟصبر  حتى لآ ﻳضعف آمآم شيء  [ سوآك ].. صباح الخيرات http://t.co/NwSmaSaI1r ',pos,pos,True
' @asmaaadesaleh اومال ضاكتورة ايه بقى يا حسرة *مسم* ',neg,pos,False
' كان نفسي اول حاجه اشوفها في 2015 هي انت :-) ',pos,pos,True
' @omarr323 لا خالص انا الكنت بضحك .. صباح الفل ',pos,pos,True
' #تويب_تقوله_هابي_نيو_يير  #احلي_تويب_في_2014 @Romantic_Noona احلى من احلى حاجة حصلت فى 214 كل سنة وانتى معايا دايما &lt;3  &lt;3 ',pos,pos,True
' في تفاهه بنت كلب ',neg,neg,True
"' """"""وضوءك لصلاة الليل وصلاة الفجر ، مع شعورك بالبرد  هذه القشعريره كفيلة بنسف جبال الخطايا التي قد تحملها ♥"""""""" '",pos,pos,True
' صبرك عن محارم الله أيسر من صبرك على عذاب الله  صبري على نفسي ولا صبر الناس عليّ  طول البال يهدم الجبال  عش رجبا ترى عجبا ',neu,pos,False
' @Ce_Ashraf كافراد لانهم متعودين علي الاشتباكات مع الامن ودي كانت تجربة مفيدة فادتهم في الثورة ..الانتصارات القومية بقي ٣ ',pos,neg,False
' ليه يا عم جاريدوا حتشمت فينا ولاد ال**** البوابين ',neg,neg,True
' استغفر الله و اتوب إليه ',neu,pos,False
' @RaB3a1188 @youm7 @22lm22 مهو العلم علي وسط الموزة لية بتحكموا صاحب محلات التوحيدوالنور ياولاد الوسخة ',neg,neg,True
' وبروح علي صورتك اخدها في حضني وانام اهي حاجه بتصبرني علي الايام دايما روحك حوليا وفي كل مكان @YoumnaElgendiie وحشتني اوووووووى ',pos,pos,True
' @mohamed18_3 ربنا يخليهوملك وتفرح بيهم ❤ ',pos,pos,True
' #اسمعني اتنا اللي بضيعني  للماضي بترجعني وعايز تحبسني فيه  احلامي انتا اللي قضيت عليها لما اتحكمت فيها طب ليا ايه احنا الجيل الشايب وهو شباب ',neg,pos,False
' @newrash2d غادة للنفاق عنوان اكتر واحدة اتكلمت على زمايلها متركتش حد محشتش فيه وشوفوا مين يتكلم عالمصلحة ههعععع ',neg,pos,False
' اهم حاجة تكون الانسان اللى بتحبه محافظ عليه ',pos,neg,False
' @shereen_hussenوهناك أحلام تحطّمت  وقلوب انجرحت وانكسرت وخيبات أمل وآمال وجرح ادمى ولم يُشفى ',neu,neg,False
' @NadaAhmed10022 @AhmedSamy012 توء توء ',neu,neu,True
' تسريب_مكتب_السيسي. . و يبقى السؤال المهم لماذا لا نرى تسريبات لمرسي المتخابر مع أمريكا وحماس وتركيا وقطر؟ ',neu,neg,False
' ده في اجماع رهيب علي ان نظارتي حلوه ...  *_* ',pos,pos,True
"' """"""و اللي بحكيلي \""""الحياة حلوة\"""" سأقتله ، لأريه ان الموت احلى"""""""" '",neg,pos,False
"' """"""@atarek680 خشمى انت فلاح يااه /0\"""""""""""" '",neg,neg,True
' عائله ناظم بيك http://t.co/4zijiZ4jLv ',neu,pos,False
"' ""وانا ليه اصحي الساعه ٨ الصبح عشان انزل درس -.- ليه هه ؟ D\"""": '",neg,pos,False
"' ""عيش على مبدأ \"""" اللهم نفسي \"""" '",neg,pos,False
' @Nboush هكونا متاتا ايام البرائه ',pos,neg,False
' ده انا كنت ناسي والله ورجعني الحنين .... وتحت شباكك بيرميني الحنين :/ ',neg,pos,False
' خلص اللي درس درس واللي طبل طبل  اهم اشي االصحه ✌ #صباح_الخير ',pos,pos,True
' @niveenfady ربنا يسمع منك ﻻن الواحد يقول ايه فى تطويل المحكمه ',neu,pos,False
' ميلاد مجيد…. سوريانا http://t.co/8bxoJb9uxF ',pos,neu,False
' @ayaeid15 @googooo448 عيزييييييييييييييين فيديوووووووو بليييييييييييييييز ',neu,neg,False
' مجتمعات مقرفه وغبيه.. ابو بكر الرازي كان بيطعن ف منطقيه فكره النبوه نفسها ومتعدمش وكتاباته عايشه الى اليوم ',neg,neg,True
' @Ahlam_Alshamsi اللهم تقبل منا ومنكم صالح الأعمال ',pos,pos,True
' صحى على تيليفونها ... مردش عليها ... كانت دموعه منعاه ... عشان اتأكد انهم بيخسروا بعض بس مفيش حاجة فى ايده يعملها ',neg,neg,True
' @serajsulimancj @HamadiElareibi معنديش حاجا في قلبي لواحد يحري ورا بنات في سان ✋ ',neg,neg,True
' مشعل في طهران قريباً  كتب داود رمال http://t.co/8h7DTMPOUT ',neu,neu,True
' مابين همزة وصل وعلامة تعجب تكمن الحكاية ! ',pos,neg,False
' #MinaAttaKingdom  فانز شيرين لو سمحتوا اطلبوا نجمتكم لوحدها احنا عايزين مينا لوحده من حقنا نشوف مينا وبس  ليه لازقين في مينا علي طول استفزاز ',neg,pos,False
' انا بحب الناس اللي بتدعيلي اوي ♥ ',pos,pos,True
' قرارت حاسمه ع 2015  شخص لا يعتمد عليه @AhMedhassaNJuv  مكنتش عايز تعزمه يا ظالم ',neg,pos,False
"' """"""\"""" من يعش ببساطة، ويتعامل بأناقة يجبر الجميع على احترامه وحبه .. كن بسيطًا تكن أجمل\"""""""""""" '",pos,pos,True
"' """"""ركعتين لله في هذا الوقت ، لعل ربي يستجب دعائكم"""""""" '",pos,pos,True
' انا عايز حد يكون عايز  يفضل و يايا بدون أسباب  دورت فـ كشف اللى أعرفهم  فـ لقيتنى أخدت الكل غياب ! ',neg,pos,False
' فريق #دمنهور يستأنف استعداداته لمواجهة #الزمالك بعد غد الاثنين تحت قيادة مديره الفنى #محمد_عمر #CBCtwo @CBCeXtra http://t.co/TsVaUZ6M9S ',neu,neg,False
' والله كنت ناوي اذاكر بس واضح ان مفيش نصيب. ',neg,neg,True
' ف الفم ضحكه وف القلب حكايات❤️ ',pos,pos,True
' الامبالاه ',neg,neg,True
"' ""\""""كن\"""" شاكًر؛؛؛؛؛ أنً ضايقت لاًبدأنً تفرجً وإنً تعسرتً لابدًأنً تيتسرًوإنً استصعبتً لابًد أنً تتسهًل وهذاًوعدًربيً وبشًر الصابرينً '",pos,neu,False
' شفتك تنقط خرى يامونسة ',neg,neg,True
' ي رب تتحقق أماني كل الامه العربية والإسلامية http://t.co/0sRiZ78vyi ',pos,pos,True
' @wasfa_N الجمال مبيحتاح اي مكياج لناعم وله خشن  جمل الطابيعي فورا ',neu,pos,False
' اتمني من 2015انها تكون من غير موت حد بحبوا ',pos,pos,True
' @AlharthiFawaz يافواز قول  لسعيدالشهير عيب تتريق علي شيخ اﻻزهر فى الطبخ نحن نحترم كل مشايخكم ونشاهدكم ',neg,neg,True
' لا حياتي هي حياتي.. ولا قلبي اصبح قلب ',neu,pos,False
' تقبل السئ لان الاسوء قادم ',neg,neg,True
"' ""الموضوع سهل وبسيط Don\""""t panic كله بالحب بيلين '",neu,neg,False
' ترتيب الأولويات. ',neu,neu,True
' @chirineabdallah حااااضر دا انتي تامري ^_* ',pos,neg,False
' ممكن نتعرف على بنوته ',neu,neg,False
' إنت عارف ليه بحبك ليه و حبك ليه بيحلالي علشان بتكون عاشق مجنون و حبك ليا مالي الكون و بتبقى بريء ساعات و جريء ولا قلبي عليك بيهون ',pos,pos,True
' انا في حالة برود غريبة مع اللي حواليا مبقاش يفرق معايا مين يسأ ومين ميسإلش ولا بروح لحد اشوفه مختفي فين ولا حاجة من الكلام دة. ',neg,neg,True
' #علمتني_الحياه أن لا أحاول استباق الأحداث وأن أتعامل مع كل يوم وفقا لما يحدث فيه لأن بعض الأحداث قد ينتج عنها تغير كافة الاحتمالات للأبد ',neu,neg,False
' http://t.co/sjxhpa1o3Kالرقابه الصحيه توفر نفقات الدواء والعلاج التى تعجز الحكومه عن تدبيرها لكل المصريين / مقالى بالجمهوريه السبت٢٧=١٢ ',neu,neg,False
' يارب نعوذ بك من علم لا ينفع ومن قلب لا يخشع  ومن نفس لا تشبع ',pos,pos,True
' يارب انا عاوز نعمة الصبر..بس بسرعة. #cpd ',neu,pos,False
"' ""ماانا اتعودت احلامي اشوفها بتجري قدامي و ماالحقهلش :\""""(! #يأس '",neg,pos,False
' بنات جدعان فوق العادي . ',pos,neg,False
' أحا أحوه كس أم حسام وأخوه ',neg,neg,True
' تقام اليوم السبت و بعد المغرب وضمن المربع الذهبي لدوري شباب تبوك مباراة بين  شباب الصقوروشباب الوطني على ملعب مدينة الملك خالد ',neu,neu,True
' طيب انا بتكلم عن المغرب يرد عليا خرفان و نعاج ليييييه...هررررررررر ',neg,neg,True
' حجم الاتفاقيات اللي عقدتها القيادة المصرية مع القيادة الصينية مبشر ويفتح الشهية لمصر الجديدة بعيدا عن المزايدات السياسية لبتوع الليبرالية .. ',pos,pos,True
' 2-1من الرجاء 0-0من الاسيوطي 0-0من الإسماعيلي 0-0من وادي دجلة ودلوقتي 1-0من الاتحاد.. الأهلي مش فوق الجميع الأهلي فوق بتاع أندية الدوري ',neg,pos,False
' @sihem70069498 @rayanabdulrahm اصلا انا ومينا ميشرفناش انكك تسمعي عننا ',neg,pos,False
' #ZDRSEDK4 سعيد الشهراني يحتاج دعواتكم حتى بعد البرنامج الرجل عاطل عن العمل ويبتسم رغم حزنه اسأل الله ان لاينتهي البرنامج إلا وقد بشر بوظيفه ',pos,pos,True
' البلد ده اقصها استك وتبقى لباس كبييييير بيضم طياز اكبر .. #دماغات :3 ',neg,neg,True
' يارب إني متوكلة عليك واثقة بوعدك راضية بصنعك محسنة الظن بك ومنتظرة فرجك فأنت حسبي ونعم الوكيل . ',pos,pos,True
' @marsusen ازيك ',neu,neu,True
' @S_Elhussieny بابا بلغيه سلامي وتحياتي دي صوره تمكين للشباب ودلعهم اخر حاجه ..ربنا يخليكم للبعض سمر :)) ',pos,pos,True
' يعني حزين و بيتنرفز و مداااايق ياربي :@@@ !! عاااااااااااااااااااااااااااااااا ',neg,pos,False
' @Basel__Mohamed الكلام دا مستحيل لان كدا انت ممكن ترجع الزمن لورا ',neu,neg,False
' @zina_khadija امين يارب انا وانتى ياقلبى ويارب يسعدك انتى وكل لى بتحبيهم وكل سنة وانتى طيبة بكره مولد الرسول ',pos,pos,True
' مــش قادريــن نصــدق انه هييــجي يوم ونبــكي من #الفــرحة علــى غياب نفــس الحــاجة اللي بكينا عليها ليــالي ',pos,neg,False
' اصعب قرار فى المذاكره انك تفتح الكتاب ...بقالى يومين بحاول افتحه بس ف حاجه تحصل فى النص ',neu,pos,False
' اتعرفنا علي17طالب بس الهينجحو بعد البرنامج 4 بس وواثقه من كلامي كنزه ومينا وليث وابتسام #LaithAbuJoda #KenzaMorsli #Ibtissamtiskat #MinaAtta ',neu,neg,False
' مبسوط ',pos,neu,False
' انا مكانى مش فى مصر ',neu,pos,False
' كل عام وانتم بخير 2015 http://t.co/tiCE9xgqMW ',pos,pos,True
' @Hafez207 والمشاهد الى عندنا دي متقلش خالص عن وجع المشاهد هناك.حالنا اضبح موجع ومؤلم..لنا الله وللغلابة والمظلومين ',neg,neg,True
' ياسمين حمدان - لا مش أنا اللي ابكي ',neu,neg,False
' عبدالظاهر هايل الشوط التاني ',pos,neg,False
' كويس لي جي ضي شويه على اقل نشحن كروستي االكهرباية باش منقعدش في حوش في مكان واحد وين يهرب ضي اشعر بي احباط شديد وين يهرب ضي لفتره طويله ',neg,neg,True
' @fatmeAbdallah عملتيلو ؟ ',neu,neg,False
' @lollita_lyla يارب ويسعدك ^^ ',pos,pos,True
' @samirasaleh157 @Negm_Story عندك حق لكن معلش الغباء والتخلف لما بينكشف مالهوش حل ',neg,neg,True
' @FatmaElKenawy ايه العلاقة المتدهورة دى :D .. ',neg,neg,True
' لو كل واحد يخليه فحالة بس! ',neg,neg,True
' حفل نانسي غدا #مصر فى جاردن سيتي فندق InterContinental Cairo Semiramis ... @NancyAjram https://t.co/LYYmKCj62a http://t.co/BJN46WPQ6d ',neu,neu,True
' تجي نفرح سوا ؟ ',pos,neg,False
' شغل بيض احا نيك يا نادى معرض مليان  ...... ',neg,pos,False
' @ZohooZohor @AaAaasads الحمد لله ',pos,pos,True
' دا الدين في عرف الحر هم و مذلة و مر ',neg,neu,False
' :: @xesamir على رأى عبد المنعم محمود ....ياترى فيه كام واحد زى محمد حبيب لسه فى الأخوان و لم يكتشف ؟؟؟؟ ',neu,pos,False
' بالفيديو.. البابا تواضروس عن «ماسبيرو»: «حادث مثل أي حادث.. والحقوق القانونية لن تضيع»   المصري اليوم http://t.co/KchuZacgp9 via ',neu,neu,True
' @QueenRania الحب والهدوء والبساطه والسعادة والرضا والقناعه امنياتنا في العام الجديد لك وللجميع ',pos,pos,True
' @TheMurexDor نتمني وجود الفنانة رنا سماحة افضل فنانة صاعدة في مجلة الديرجست @ranasamaha9t  #RanaSamahaTeam ',neu,pos,False
' النفس أماره بالسوء ',neu,neg,False
' @VodafoneQatar @Bosaa3d_ ب..إخي.بعد.السلام.ورحمه.الله.وبركاته.لا.يوحد.معي.رقم.تليفون.قطري..ارحو.الاهتمام.بموصوعي.وحراكم.الله.خيرا ',neu,pos,False
"' """"""الواحد جاب اخره ،احيه بجد"""""""" '",neg,neg,True
' #عن حد مهم فى حياتك مش عارفه احنا اصحاب ولا حبايب ولا بنلعب باليه مائي . بس هو حد مهم ♡♡♡  #مقصوووودة_بقي ',pos,neg,False
' @ahmedgalal_9 انت قديم ابو الجﻻجيل دلوقتى انت اللى بتجيب انا عايزة تورتة شيكوﻻتة مليش دعوة وعصير فلوريدا :D ',pos,neg,False
' @dinaeldawy @Nashwa14 انا ليا مين غيرك وهعيش لمين غيرك ',pos,pos,True
"' """"""جمهور عطاء المسابقه تبدأ الساعه ٩:٣٠ ، اتصلو من الساعه ٩:٠٠ قبل الضغط .  هاذي ارقام الاتصال 0545595214 0566756322   #ZDRSEDK4"""""""" '",neu,pos,False
' اليوم خسر الإنتر امام باريس 1-0 و فاز ال #ميلان الكبير علي #ريال_مدريد الصغير بي ال4 ',neu,neu,True
' اول حاجه احطها فى بوقي فى السنه الجديده اكتر حاجتين بحبهم سجاير و جبنه :D ',neu,pos,False
' مادة ما بتنفهم ولا بندرس لليش هيّه !!! ',neg,neg,True
' ربّنا أننا آمنا فاغفر لنا ذنوبنا وقنا عذاب النار ',pos,neg,False
' على اخويا #مشكلة  يابنى ارحمنى ',neg,neg,True
' @ranasamaha9t كل سنه وليبيا بخير ',pos,pos,True
